,From,Criteria,FBA_Objct,V_biomass,V_chemical,Soltype,Strategy,K
0,CB,vs,B,0.09407251924811783,9.408977220703775,optimal,"['ALCD2x', 'CS']",2
1,MILP,vs,B,0.09407251924811783,9.408977208830926,optimal,"['GLCabcpp', 'ICDHyr']",2
2,CB,ys,B,0.09407251928806636,0.03139548037382034,optimal,"['ALCD2x', 'CS']",2
3,MILP,ys,B,0.09407251946981081,0.03139548041345984,optimal,"['GLCabcpp', 'ICDHyr']",2
4,CB,vs,C,0.09407251924917065,9.408977220703775,optimal,"['ALCD2x', 'CS']",2
5,MILP,vs,C,0.09407251920206303,9.408977208830926,optimal,"['GLCabcpp', 'ICDHyr']",2
6,CB,ys,C,0.09407251924811783,9.4089772078843,optimal,"['ALCD2x', 'CS']",2
7,MILP,ys,C,0.09407251924811783,9.408977203950519,optimal,"['GLCabcpp', 'ICDHyr']",2
