,Method,Biomass,Chemical,Time,Strategy
0,MILP,0.09407251924811783,9.408977193213447,4.774986267089844,"['ALCD2x', 'CS', 'MDH2']"
1,CB,0.09407251924811783,9.4089772119553,0.8396568298339844,"['AKGDH', 'CS', 'MDH3']"
