,Method,Biomass,Chemical,Time,Strategy
0,MILP,0.18310921116800138,1.4148317730246758,22.13155746459961,"['PFL', 'TKT2']"
1,CB,0.18310942408227027,1.4147942327340084,13.617120742797852,"['PFL', 'TKT2']"
