,Method,Biomass,Chemical,Time,Strategy
0,MILP,0.10812695937161103,13.287429316681832,1.7507972717285156,"['ACALD', 'PYK', 'RPI']"
1,CB,0.10812695937161103,13.287321656681405,0.5170021057128906,"['CS', 'FRD2', 'PFL']"
