,Method,Biomass,Chemical,Time,Strategy
0,MILP,0.09407251924811783,9.408977176062763,2.628856658935547,['CS']
1,CB,0.09407251924811783,9.408977217958606,0.5967597961425781,['CS']
