,Method,Biomass,Chemical,Time,Strategy
0,MILP,0.10812695937161103,13.2874438484572,1.3591251373291016,['CS']
1,CB,0.10812695937161103,13.287457931619919,0.247314453125,['FRD2']
