,Method,Biomass,Chemical,Time,Strategy
0,MILP,0.24008577039425538,0.25039140407046534,8.891098022460938,['FUM']
1,CB,0.24008605002682556,0.25037133641000703,2.6174392700195312,['FUM']
