,Method,Biomass,Chemical,Time,Strategy
0,MILP,0.10812695937161103,13.287321666488424,1.7355594635009766,"['ICDHyr', 'PFL']"
1,CB,0.10812695937161103,13.287321653274839,0.5288867950439453,"['CS', 'PFL']"
