,Method,Biomass,Chemical,Time,Strategy
0,MILP,0.09407251924811783,9.408977208830926,5.5338897705078125,"['GLCabcpp', 'ICDHyr']"
1,CB,0.09407251924811783,9.408977220703775,0.7533969879150391,"['ALCD2x', 'CS']"
