,Approach,Biomass,Chemical,Time,Strategy
0,O,0.09407251924811783,9.408977217958606,0.6584930419921875,['CS']
1,P,0.09407251924811783,9.408977209739074,0.5806903839111328,['CS']
2,O,0.09407251924811783,9.408977220703775,0.8957347869873047,"['ALCD2x', 'CS']"
3,P,0.0973151283493314,9.207448953888703,7.61444091796875,"['ALCD2x', 'LDH_D']"
4,O,0.09407251924811783,9.4089772119553,0.8711185455322266,"['AKGDH', 'CS', 'MDH3']"
5,P,0.09731512840073199,9.207448955212364,67.38176918029785,"['ALCD2x', 'LDH_D', 'PYK']"
