,Approach,Biomass,Chemical,Time,Strategy
0,O,0.24008605002682556,0.25037133641000703,2.139371871948242,['FUM']
1,P,0.12075091668218425,10.909046397376875,0.899017333984375,['FRD2']
2,O,0.18310942408227027,1.4147942327340084,14.083723068237305,"['PFL', 'TKT2']"
3,P,0.24008605002684996,0.2503713364097856,17.945833206176758,"['FUM', 'PFK']"
4,O,0.18310942408226794,1.4147942327339882,118.59422492980957,"['HEX1', 'PFL', 'TKT2']"
5,P,0.240086,0.2503773547823319,122.30071830749512,"['FUM', 'FBA', 'PGL']"
