,Approach,Biomass,Chemical,Time,Strategy
0,O,0.24008605002682556,0.25037133641000703,1.8480167388916016,['FUM']
1,P,0.12075091668218425,10.909046397376875,0.9618434906005859,['GLCabcpp']
2,O,0.18310942408227027,1.4147942327340084,11.772575378417969,"['PFL', 'TKT2']"
3,P,0.18310942408226902,1.4147942327339575,11.194925308227539,"['PFL', 'TKT2']"
4,O,0.18310942408226794,1.4147942327339882,107.22236251831055,"['HEX1', 'PFL', 'TKT2']"
5,P,0.18310942408229544,1.4147942327335763,109.7411117553711,"['HEX1', 'PFL', 'TKT2']"
