,Approach,Biomass,Chemical,Time,Strategy
0,O,0.09203004721221865,10.28571428549422,0.5586910247802734,['RPI']
1,P,0.09203004721221865,10.28571428549422,0.2503376007080078,['GND']
2,O,0.09203004721221865,10.285714284496397,0.6621723175048828,"['ICDHyr', 'MDH2']"
3,P,0.8458432199625142,0.8867862607919983,7.770112991333008,"['FUM', 'MDH2']"
4,O,0.09203004721221865,10.285714285494201,0.7258872985839844,"['MDH2', 'PFL', 'RPI']"
5,P,0.7717966096055536,1.5899765037699356,73.91519165039062,"['FUM', 'GND', 'PTAr']"
