,Approach,Biomass,Chemical,Time,Strategy
0,O,0.10812695937161103,13.287457931619919,0.24104690551757812,['FRD2']
1,P,0.10812695937161103,13.287457931619919,0.21178817749023438,['CS']
2,O,0.10812695937161103,13.287321653274839,0.510345458984375,"['CS', 'PFL']"
3,P,0.10812695937161103,13.229745274307716,0.9473648071289062,"['RPE', 'TKT2']"
4,O,0.10812695937161103,13.287321656681405,0.39594268798828125,"['CS', 'FRD2', 'PFL']"
5,P,0.10812695937161103,13.287321656681405,0.3268318176269531,"['ACALD', 'CS', 'PFL']"
