,Approach,Biomass,Chemical,Time,Strategy
0,O,0.09407251924811783,9.408977217958606,0.6346569061279297,['CS']
1,P,0.09407251924811783,9.408977217958606,0.6389274597167969,['CS']
2,O,0.09407251924811783,9.408977220703775,0.7170238494873047,"['ALCD2x', 'CS']"
3,P,0.09407251924811783,9.408977213391264,0.7484683990478516,"['ALCD2x', 'CS']"
4,O,0.09407251924811783,9.4089772119553,0.7815093994140625,"['AKGDH', 'CS', 'MDH3']"
5,P,0.09407251924811783,9.4089772119553,0.8005313873291016,"['AKGDH', 'CS', 'MDH3']"
