,Method,Biomass,Chemical,Time,Strategy,K
0,OPMILP,0.845843219932758,0.8867862609815083,2.748729705810547,['FUM'],1
1,OPCB,0.09219480950505711,15.650071420908416,0.8717880249023438,['RPI'],1
2,OPMILP,0.09219480950505711,15.648784299261411,4.328456878662109,"['TALA', 'RPE']",2
3,OPCB,0.09219480950505711,15.650068130134523,1.2557868957519531,"['GND', 'TKT2']",2
4,OPMILP,0.09219480950505711,15.650077510896217,3.1619338989257812,"['G6PDH2r', 'GND', 'RPE']",3
5,OPCB,0.09219480950505711,15.649235995256605,2.3822269439697266,"['PYK', 'TKT1', 'RPI']",3
