,Method,Biomass,Chemical,Time,Strategy,K
0,OPMILP,0.8175851632348896,0.8535591245672358,6.163534164428711,['FUM'],1
1,OPCB,0.8176329425129937,0.8509228673615249,3.084016799926758,['FUM'],1
2,OPMILP,0.08855712275955448,15.129316825884583,16.939077377319336,"['AKGDH', 'ICDHyr']",2
3,OPCB,0.08855712275955448,15.133163543872719,3.642658233642578,"['GND', 'RPE']",2
4,OPMILP,0.08855712275955448,15.133163541423313,10.623407363891602,"['GND', 'PYK', 'TKT2']",3
5,OPCB,0.08855712275955448,15.133163543303686,6.990444183349609,"['MDH2', 'RPE', 'RPI']",3
