,Method,Biomass,Chemical,Time,Strategy
0,MILP,0.24008577039425538,0.25039140407046534,7.174175262451172,['FUM']
1,CB,0.24008605002682556,0.25037133641000703,2.034120559692383,['FUM']
