,Method,Biomass,Chemical,Time,Strategy
0,MILP,0.09407251924811783,9.408977193213447,4.917997360229492,"['ALCD2x', 'CS', 'MDH2']"
1,CB,0.09407251924811783,9.4089772119553,0.8228645324707031,"['AKGDH', 'CS', 'MDH3']"
