,Method,Biomass,Chemical,Time,Strategy
0,MILP,0.18310921116800138,1.4148317730246758,20.859268188476562,"['PFL', 'TKT2']"
1,CB,0.18310942408227027,1.4147942327340084,13.090713500976562,"['PFL', 'TKT2']"
