,Method,Biomass,Chemical,Time,Strategy
0,MILP,0.09407251924811783,9.408977208830926,6.8877105712890625,"['GLCabcpp', 'ICDHyr']"
1,CB,0.09407251924811783,9.408977220703775,1.5680656433105469,"['ALCD2x', 'CS']"
