,Method,Biomass,Chemical,Time,Strategy
0,MILP,0.8458007012594787,0.8895685978560144,1.6870651245117188,['FUM']
1,CB,0.09203004721221865,10.28571428549422,0.5193958282470703,['RPI']
