,Method,Biomass,Chemical,Time,Strategy
0,MILP,0.09203004721221865,10.285754595483134,3.5821285247802734,"['RPE', 'RPI']"
1,CB,0.09203004721221865,10.285714284496397,0.7179985046386719,"['ICDHyr', 'MDH2']"
