,Method,Biomass,Chemical,Time,Strategy
0,MILP,0.2420746108173844,17.009742978068175,198.83463096618652,"['r_0014', 'r_1636']"
1,CB,0.4841492216347688,10.957826032323496,inf,"['NA', 'NA']"
