,Method,Biomass,Chemical,Time,Strategy
0,MILP,0.2601220976002211,16.08177688664351,126.73217582702637,['r_1110']
1,CB,0.2420746108173844,17.009742978064665,1.2131080627441406,['r_0014']
