,Method,Biomass,Chemical,Time,Strategy
0,MILP,0.09203004721221865,10.28575459490171,1.911813735961914,"['FRD2', 'GND', 'RPE']"
1,CB,0.09203004721221865,10.285714285494201,0.7290248870849609,"['MDH2', 'PFL', 'RPI']"
